id;address_type;address_1;address_2;address_3;postal_code;phone;mobile_phone;email;fax;country_id;province_id;city_id;create_system_date;create_date;create_user_id;last_modification_system_date;last_modification_date;last_modification_user_id
1;A;orchid;navigate Movies;override architectures navigating;progr;1-862-767-6023 x1961;card Technician Fantastic Meta;Coby.Mayert28@yahoo.com;open-source;5809;82330;11151;2019-12-02;2019-12-02T20:40:03;54380;2019-12-03;2019-12-03T06:39:04;83548
2;C;bandwidth;web-readiness Buckinghamshire monetize;Investor 24/7;Trail;(734) 727-2519 x8150;navigate;Fredy26@hotmail.com;Garden encompassing;77314;73902;51796;2019-12-03;2019-12-03T00:41:38;64185;2019-12-03;2019-12-02T19:21:09;135
3;m;IB Armenian Dram Tonga;multi-byte virtual Falls;Gloves Senior;Upgra;1-046-059-9927 x5965;Infrastructure Licensed;Conrad.Fadel61@yahoo.com;Investor;84719;78132;31514;2019-12-02;2019-12-03T02:25:06;14696;2019-12-02;2019-12-02T13:34:52;52726
4;R;scalable collaborative;B2B sensor Togo;feed;Canad;1-046-240-1493 x57235;Codes specifically reserved fo;Noemi_Koch@hotmail.com;vortals;4389;56087;16574;2019-12-02;2019-12-02T22:21:18;48133;2019-12-03;2019-12-02T11:30:14;4997
5;h;enhance invoice Intelligent;Optimization Administrator;Metrics Mayotte black;funct;(260) 901-8779;Quality Markets;Veda_Wolff39@yahoo.com;RSS;77308;71833;30999;2019-12-03;2019-12-03T03:28:45;64061;2019-12-02;2019-12-02T17:02:59;78134
6;I;program Borders Sports;cross-platform;Infrastructure Self-enabling;Intel;1-780-242-0448 x601;bottom-line recontextualize Pr;Jermaine_Bayer@hotmail.com;expedite evolve;75426;3261;91842;2019-12-03;2019-12-02T10:13:33;44436;2019-12-02;2019-12-03T02:26:06;35712
7;m;Louisiana systems;Triple-buffered cyan Principal;Beauty;ivory;(622) 945-7455 x45378;Plastic;Skylar_Turner89@yahoo.com;deliverables neural;47633;88888;49753;2019-12-02;2019-12-03T04:08:08;20446;2019-12-02;2019-12-03T02:55:14;18613
8;m;Electronics deposit robust;Accountability;Lake Licensed;backi;368.158.4502 x2490;Rubber generate;Lamont52@gmail.com;Handmade Frozen Mouse Diverse;30419;1009;30394;2019-12-02;2019-12-03T03:31:05;88273;2019-12-03;2019-12-03T07:48:08;72934
9;S;alarm;index synthesizing;Money Market Account National;port ;399.849.2773;Delaware withdrawal;Harry_Little2@gmail.com;reciprocal;51759;58377;26884;2019-12-02;2019-12-02T17:57:57;4242;2019-12-02;2019-12-03T02:40:49;36171
10;R;quantify;haptic;Bedfordshire holistic Division;Chick;916-178-8320 x80113;open-source;Carlotta70@hotmail.com;feed Michigan Infrastructure;49625;31198;38051;2019-12-02;2019-12-03T05:08:07;50667;2019-12-02;2019-12-02T23:45:16;73444
