id;email;password;mobile_phone;member_since;member_status;create_system_date;create_date;create_user_id;last_modification_system_date;last_modification_date;last_modification_user_id
1;Simeon.Swaniawski@yahoo.com;Malaysia;parsing RSS;2020-01-15;64199;2020-01-15;2020-01-15T13:06:36;22833;2020-01-15;2020-01-15T16:18:06;93768
2;Delores79@yahoo.com;Credit Card Account;Technician Granite;2020-01-15;39059;2020-01-15;2020-01-15T09:33:59;46720;2020-01-15;2020-01-15T10:55:33;50473
3;Jalon_Blick73@gmail.com;networks Rubber;Sleek applications CFP Franc;2020-01-15;72817;2020-01-15;2020-01-15T18:33:30;99001;2020-01-15;2020-01-15T09:21:49;84493
4;Trinity.Brown5@hotmail.com;Alaska Gourde US Dollar Clothing;action-items e-markets;2020-01-15;99109;2020-01-15;2020-01-15T12:26:08;33798;2020-01-15;2020-01-15T18:47:48;58361
5;Alysha67@yahoo.com;Checking Account COM Practical;Multi-layered;2020-01-15;96045;2020-01-15;2020-01-15T05:50:25;25824;2020-01-16;2020-01-15T18:59:42;22132
6;Arden43@gmail.com;primary;Legacy Persevering transmit;2020-01-15;67315;2020-01-15;2020-01-15T20:36:44;79679;2020-01-15;2020-01-15T04:55:47;14593
7;Waino33@yahoo.com;Organic Car;paradigms solid state Platinum;2020-01-15;34952;2020-01-15;2020-01-15T10:51:14;1721;2020-01-16;2020-01-15T05:43:31;4963
8;Donavon.Daniel70@hotmail.com;Soap;Buckinghamshire;2020-01-16;99535;2020-01-15;2020-01-15T23:46:16;95631;2020-01-15;2020-01-15T04:57:08;43123
9;Trace_OConner68@yahoo.com;RAM;Ukraine withdrawal Savings Account;2020-01-15;62502;2020-01-15;2020-01-15T01:51:22;95536;2020-01-15;2020-01-15T19:56:14;73076
10;Estel_VonRueden27@gmail.com;hard drive Texas RSS;bottom-line;2020-01-15;22175;2020-01-15;2020-01-15T05:12:34;78576;2020-01-15;2020-01-15T09:26:56;24263
